sample,BS33076,,GA0130000,N  ,000,STATE,950,RTOR,,TC,Y  ,09/03/2019,6:00:00 AM,RT,,9/3/2019,,,,,.95,,,   ,,,,,,,
sample,BS33077,,GA0130000,N  ,000,STATE,950,RTOR,,TC,Y  ,09/03/2019,6:15:00 AM,RT,,9/3/2019,,,,,.9,,,   ,,,,,,,
sample,BS33078,,GA0130000,N  ,000,STATE,950,RTOR,,TC,Y  ,09/03/2019,6:45:00 AM,RT,,9/3/2019,,,,,.52,,,   ,,,,,,,
sample,BS33079,,GA0130000,N  ,000,STATE,950,RTOR,,TC,Y  ,09/03/2019,7:00:00 AM,RT,,9/3/2019,,,,,1.1,,,   ,,,,,,,
sample,BS33080,,GA1570003,N  ,000,STATE,950,RTOR,,TC,Y  ,09/03/2019,7:50:00 AM,RT,,9/3/2019,,,,,1.9,,,   ,,,,,,,
sample,BS33081,,GA1570003,N  ,000,STATE,950,RTOR,,TC,Y  ,09/03/2019,8:35:00 AM,RT,,9/3/2019,,,,,1.2,,,   ,,,,,,,
sample,BS33082,,GA1570003,N  ,000,STATE,950,RTOR,,TC,Y  ,09/03/2019,8:50:00 AM,RT,,9/3/2019,,,,,.5,,,   ,,,,,,,
sample,BS33083,,GA1570003,N  ,000,STATE,950,RTOR,,TC,Y  ,09/03/2019,9:00:00 AM,RT,,9/3/2019,,,,,.5,,,   ,,,,,,,
sample,BS33084,,GA1570003,N  ,000,STATE,950,RTOR,,TC,Y  ,09/03/2019,9:33:00 AM,RT,,9/3/2019,,,,,1.7,,,   ,,,,,,,
sample,BS33085,,GA2230001,N  ,000,STATE,950,RTOR,,TC,Y  ,09/03/2019,8:50:00 AM,RT,,9/3/2019,,,,,.7,,,   ,,,,,,,
sample,BS33086,,GA2230001,N  ,000,STATE,950,RTOR,,TC,Y  ,09/03/2019,9:00:00 AM,RT,,9/3/2019,,,,,.5,,,   ,,,,,,,
sample,BS33087,,GA2230001,N  ,000,STATE,950,RTOR,,TC,Y  ,09/03/2019,9:10:00 AM,RT,,9/3/2019,,,,,.6,,,   ,,,,,,,
sample,BS33088,,GA1350000,N  ,000,STATE,950,RTOR,,TC,Y  ,09/03/2019,10:00:00 AM,RT,,9/3/2019,,,,,1.2,,,   ,,,,,,,
sample,BS33089,,GA1350000,N  ,000,STATE,950,RTOR,,TC,Y  ,09/03/2019,10:25:00 AM,RT,,9/3/2019,,,,,1.2,,,   ,,,,,,,
sample,BS33090,,GA1350000,N  ,000,STATE,950,RTOR,,TC,Y  ,09/03/2019,10:50:00 AM,RT,,9/3/2019,,,,,.9,,,   ,,,,,,,
sample,BS33091,,GA1350000,N  ,000,STATE,950,RTOR,,TC,Y  ,09/03/2019,11:15:00 AM,RT,,9/3/2019,,,,,.8,,,   ,,,,,,,
sample,BS33092,,GA1350000,N  ,000,STATE,950,RTOR,,TC,Y  ,09/03/2019,11:35:00 AM,RT,,9/3/2019,,,,,.8,,,   ,,,,,,,
sample,BS33093,,GA2470006,N  ,000,STATE,950,RTOR,,TC,Y  ,09/03/2019,5:00:00 AM,RT,,9/3/2019,,,,,1.2,,,   ,,,,,,,
sample,BS33094,,GA1870092,N  ,000,STATE,950,RTOR,,TC,Y  ,09/02/2019,11:30:00 AM,RT,,9/3/2019,,,,,.56,,,   ,,,,,,,
sample,BS33095,,GA1870094,N  ,000,STATE,950,RTOR,,TC,Y  ,09/02/2019,12:50:00 PM,RT,,9/3/2019,,,,,.53,,,   ,,,,,,,
sample,BS33096,,GA1870078,N  ,000,STATE,950,RTOR,,TC,Y  ,09/02/2019,10:00:00 AM,RT,,9/3/2019,,,,,.45,,,   ,,,,,,,
sample,BS33097,,GA1870091,N  ,000,STATE,950,RTOR,,TC,Y  ,09/02/2019,10:30:00 AM,RT,,9/3/2019,,,,,.71,,,   ,,,,,,,
sample,BS33098,,GA1870086,N  ,000,STATE,950,RTOR,,TC,Y  ,09/02/2019,12:20:00 PM,RT,,9/3/2019,,,,,.75,,,   ,,,,,,,
sample,BS33099,,GA0350000,N  ,000,STATE,950,RTOR,,TC,Y  ,09/03/2019,9:17:00 AM,RT,,9/3/2019,,,,,.68,,,   ,,,,,,,
sample,BS33100,,GA0350000,N  ,000,STATE,950,RTOR,,TC,Y  ,09/03/2019,9:59:00 AM,RT,,9/3/2019,,,,,.76,,,   ,,,,,,,
sample,BS33101,,GA0350004,N  ,000,STATE,950,RTOR,,TC,Y  ,09/03/2019,10:23:00 AM,RT,,9/3/2019,,,,,.62,,,   ,,,,,,,
sample,BS33102,,GA2070033,N  ,000,STATE,950,RTOR,,TC,Y  ,09/02/2019,9:53:00 PM,RT,,9/3/2019,,,,,.93,,,   ,,,,,,,
sample,BS33103,,GA2890009,N  ,000,STATE,950,RTOR,,TC,Y  ,09/02/2019,2:40:00 PM,RT,,9/3/2019,,,,,.68,,,   ,,,,,,,
sample,BS33104,,GA1070003,N  ,000,STATE,950,RTOR,,TC,Y  ,08/29/2019,4:00:00 PM,RT,,9/3/2019,,,EH,,.59,,,   ,,,,,,,
sample,BS33105,,GA1530018,N  ,000,STATE,950,RTOR,,TC,Y  ,09/03/2019,12:35:00 PM,RT,,9/3/2019,,,,,1.5,,,   ,,,,,,,
sample,BS33106,,GA1530018,N  ,000,STATE,950,RTOR,,TC,Y  ,09/03/2019,12:26:00 PM,RT,,9/3/2019,,,,,.95,,,   ,,,,,,,
sample,BS33107,,GA2110002,N  ,000,STATE,950,RTOR,,TC,Y  ,09/03/2019,9:51:00 AM,RT,,9/4/2019,,,,,1.4,,,   ,,,,,,,
sample,BS33108,,GA2110002,N  ,000,STATE,950,RTOR,,TC,Y  ,09/03/2019,10:15:00 AM,RT,,9/4/2019,,,,,1.66,,,   ,,,,,,,
sample,BS33109,,GA2110002,N  ,000,STATE,950,RTOR,,TC,Y  ,09/03/2019,10:28:00 AM,RT,,9/4/2019,,,,,1.61,,,   ,,,,,,,
sample,BS33110,,GA2110002,N  ,000,STATE,950,RTOR,,TC,Y  ,09/03/2019,10:36:00 AM,RT,,9/4/2019,,,,,.94,,,   ,,,,,,,
sample,BS33111,,GA2110002,N  ,000,STATE,950,RTOR,,TC,Y  ,09/03/2019,10:49:00 AM,RT,,9/4/2019,,,,,.79,,,   ,,,,,,,
sample,BS33112,,GA2830000,N  ,000,STATE,950,RTOR,,TC,Y  ,09/03/2019,9:20:00 AM,RT,,9/4/2019,,,,,.44,,,   ,,,,,,,
sample,BS33113,,GA2830000,N  ,000,STATE,950,RTOR,,TC,Y  ,09/03/2019,9:40:00 AM,RT,,9/4/2019,,,,,.58,,,   ,,,,,,,
sample,BS33114,,GA2830000,N  ,000,STATE,950,RTOR,,TC,Y  ,09/03/2019,10:05:00 AM,RT,,9/4/2019,,,,,.43,,,   ,,,,,,,
sample,BS33115,,GA2830006,N  ,000,STATE,950,RTOR,,TC,Y  ,09/03/2019,10:30:00 AM,RT,,9/4/2019,,,,,.44,,,   ,,,,,,,
sample,BS33116,,GA0550000,N  ,000,STATE,950,RTOR,,TC,Y  ,09/03/2019,7:55:00 AM,RT,,9/4/2019,,,,,.57,,,   ,,,,,,,
sample,BS33117,,GA0550000,N  ,000,STATE,950,RTOR,,TC,Y  ,09/03/2019,8:45:00 AM,RT,,9/4/2019,,,,,.47,,,   ,,,,,,,
sample,BS33118,,GA2770004,N  ,000,STATE,950,RTOR,,TC,Y  ,09/03/2019,9:45:00 AM,RT,,9/4/2019,,,,,.9,,,   ,,,,,,,
sample,BS33119,,GA2770004,N  ,000,STATE,950,RTOR,,TC,Y  ,09/03/2019,10:15:00 AM,RT,,9/4/2019,,,,,.5,,,   ,,,,,,,
sample,BS33120,,GA2770004,N  ,000,STATE,950,RTOR,,TC,Y  ,09/03/2019,10:15:00 AM,RT,,9/4/2019,,,,,1.1,,,   ,,,,,,,
sample,BS33121,,GA2770004,N  ,000,STATE,950,RTOR,,TC,Y  ,09/03/2019,10:30:00 AM,RT,,9/4/2019,,,,,.8,,,   ,,,,,,,
sample,BS33122,,GA2550002,N  ,000,STATE,950,RTOR,,TC,Y  ,09/03/2019,9:55:00 AM,RT,,9/4/2019,,,,,.32,,,   ,,,,,,,
sample,BS33123,,GA2370055,N  ,000,STATE,950,RTOR,,TC,Y  ,09/03/2019,8:36:00 AM,RT,,9/4/2019,,,,,.6,,,   ,,,,,,,
sample,BS33124,,GA2170028,N  ,000,STATE,950,RTOR,,TC,Y  ,09/03/2019,3:40:00 PM,RT,,9/4/2019,,,,,.25,,,   ,,,,,,,
sample,BS33125,,GA2170019,N  ,000,STATE,950,RTOR,,TC,Y  ,09/03/2019,3:30:00 PM,RT,,9/4/2019,,,,,.53,,,   ,,,,,,,
sample,BS33126,,GA2110052,N  ,000,STATE,950,RTOR,,TC,Y  ,09/03/2019,1:01:00 PM,RT,,9/4/2019,,,,,1.67,,,   ,,,,,,,
sample,BS33127,,GA2110004,N  ,000,STATE,950,RTOR,,TC,Y  ,09/03/2019,12:46:00 PM,RT,,9/4/2019,,,,,.82,,,   ,,,,,,,
sample,BS33128,,GA2110003,N  ,000,STATE,950,RTOR,,TC,Y  ,09/03/2019,12:00:00 PM,RT,,9/4/2019,,,,,1.32,,,   ,,,,,,,
sample,BS33129,,GA2110003,N  ,000,STATE,950,RTOR,,TC,Y  ,09/03/2019,12:10:00 PM,RT,,9/4/2019,,,,,1.37,,,   ,,,,,,,
sample,BS33130,,GA2010000,N  ,000,STATE,950,RTOR,,TC,Y  ,09/03/2019,10:18:00 AM,RT,,9/4/2019,,,,,.39,,,   ,,,,,,,
sample,BS33131,,GA2010000,N  ,000,STATE,950,RTOR,,TC,Y  ,09/03/2019,10:00:00 AM,RT,,9/4/2019,,,,,1.15,,,   ,,,,,,,
sample,BS33132,,GA2410100,N  ,000,STATE,950,RTOR,,TC,Y  ,09/03/2019,12:30:00 PM,RT,,9/4/2019,,,,,1.05,,,   ,,,,,,,
sample,BS33133,,GA2410039,N  ,000,STATE,950,RTOR,,TC,Y  ,09/03/2019,1:00:00 PM,RT,,9/4/2019,,,,,.8,,,   ,,,,,,,
sample,BS33134,,GA2750040,N  ,000,STATE,950,RTOR,,TC,Y  ,09/03/2019,11:22:00 AM,RT,,9/4/2019,,,,,1.5,,,   ,,,,,,,
sample,BS33135,,GA2750056,N  ,000,STATE,950,RTOR,,TC,Y  ,09/03/2019,11:30:00 AM,RT,,9/4/2019,,,,,.5,,,   ,,,,,,,
sample,BS33136,,GA2410042,N  ,000,STATE,950,RTOR,,TC,Y  ,09/03/2019,11:20:00 AM,RT,,9/4/2019,,,,,.35,,,   ,,,,,,,
sample,BS33137,,GA1730000,N  ,000,STATE,950,RTOR,,TC,Y  ,09/03/2019,8:05:00 AM,RT,,9/4/2019,,,,,3.8,,,   ,,,,,,,
sample,BS33138,,GA1730000,N  ,000,STATE,950,RTOR,,TC,Y  ,09/03/2019,8:12:00 AM,RT,,9/4/2019,,,,,3,,,   ,,,,,,,
sample,BS33139,,GA1730000,N  ,000,STATE,950,RTOR,,TC,Y  ,09/03/2019,8:22:00 AM,RT,,9/4/2019,,,,,1,,,   ,,,,,,,
sample,BS33140,,GA1330046,N  ,000,STATE,950,RTOR,,TC,Y  ,09/03/2019,12:37:00 PM,RT,,9/4/2019,,,,,1.5,,,   ,,,,,,,
sample,BS33141,,GA1330046,N  ,000,STATE,950,RTOR,,TC,Y  ,09/03/2019,12:04:00 PM,RT,,9/4/2019,,,,,1.4,,,   ,,,,,,,
sample,BS33142,,GA1330046,N  ,000,STATE,950,RTOR,,TC,Y  ,09/03/2019,12:17:00 PM,RT,,9/4/2019,,,,,1.2,,,   ,,,,,,,
sample,BS33143,,GA1330014,N  ,000,STATE,950,RTOR,,TC,Y  ,09/03/2019,11:49:00 AM,RT,,9/4/2019,,,,,.8,,,   ,,,,,,,
sample,BS33144,,GA0750047,N  ,000,STATE,950,RTOR,,TC,Y  ,09/03/2019,6:45:00 AM,RT,,9/4/2019,,,,,1.5,,,   ,,,,,,,
sample,BS33145,,GA1730015,N  ,000,STATE,950,RTOR,,TC,Y  ,09/03/2019,7:52:00 AM,RT,,9/4/2019,,,,,1,,,   ,,,,,,,
sample,BS33146,,GA1730012,N  ,000,STATE,950,RTOR,,TC,Y  ,09/03/2019,7:40:00 AM,RT,,9/4/2019,,,,,1.1,,,   ,,,,,,,
sample,BS33147,,GA1330067,N  ,000,STATE,950,RTOR,,TC,Y  ,09/03/2019,11:01:00 AM,RT,,9/4/2019,,,,,1.3,,,   ,,,,,,,
sample,BS33148,,GA1330050,N  ,000,STATE,950,RTOR,,TC,Y  ,09/03/2019,11:26:00 AM,RT,,9/4/2019,,,,,.6,,,   ,,,,,,,
sample,BS33149,,GA1330008,N  ,000,STATE,950,RTOR,,TC,Y  ,09/03/2019,11:35:00 AM,RT,,9/4/2019,,,,,1,,,   ,,,,,,,
sample,BS33150,,GA1330052,N  ,000,STATE,950,RTOR,,TC,Y  ,09/03/2019,1:25:00 PM,RT,,9/4/2019,,,,,1.2,,,   ,,,,,,,
sample,BS33151,,GA1330052,N  ,000,STATE,950,RTOR,,TC,Y  ,09/03/2019,1:11:00 PM,RT,,9/4/2019,,,,,1.3,,,   ,,,,,,,
sample,BS33152,,GA2370073,N  ,000,STATE,950,RTOR,,TC,Y  ,09/03/2019,1:42:00 PM,RT,,9/4/2019,,,,,.7,,,   ,,,,,,,
sample,BS33153,,GA2370073,N  ,000,STATE,950,RTOR,,TC,Y  ,09/03/2019,1:55:00 PM,RT,,9/4/2019,,,,,.9,,,   ,,,,,,,
sample,BS33154,,GA2370057,N  ,000,STATE,950,RTOR,,TC,Y  ,09/03/2019,8:33:00 AM,RT,,9/4/2019,,,,,1,,,   ,,,,,,,
sample,BS33155,,GA1330007,N  ,000,STATE,950,RTOR,,TC,Y  ,09/03/2019,9:13:00 AM,RT,,9/4/2019,,,,,1.2,,,   ,,,,,,,
sample,BS33156,,GA1330011,N  ,000,STATE,950,RTOR,,TC,Y  ,09/03/2019,9:23:00 AM,RT,,9/4/2019,,,,,.5,,,   ,,,,,,,
sample,BS33157,,GA1330048,N  ,000,STATE,950,RTOR,,TC,Y  ,09/03/2019,12:54:00 PM,RT,,9/4/2019,,,,,1,,,   ,,,,,,,
sample,BS33158,,GA1330016,N  ,000,STATE,950,RTOR,,TC,Y  ,09/03/2019,9:34:00 AM,RT,,9/4/2019,,,,,.8,,,   ,,,,,,,
sample,BS33159,,GA1330012,N  ,000,STATE,950,RTOR,,TC,Y  ,09/03/2019,9:56:00 AM,RT,,9/4/2019,,,,,.9,,,   ,,,,,,,
sample,BS33160,,GA1330065,N  ,000,STATE,950,RTOR,,TC,Y  ,09/03/2019,10:15:00 AM,RT,,9/4/2019,,,,,.4,,,   ,,,,,,,
sample,BS33161,,GA1850009,N  ,000,STATE,950,RTOR,,TC,Y  ,09/03/2019,8:45:00 AM,RT,,9/4/2019,,,,,.98,,,   ,,,,,,,
sample,BS33162,,GA1850053,N  ,000,STATE,950,RTOR,,TC,Y  ,09/03/2019,9:30:00 AM,RT,,9/4/2019,,,,,.63,,,   ,,,,,,,
sample,BS33163,,GA1850313,N  ,000,STATE,950,RTOR,,TC,Y  ,09/03/2019,10:45:00 AM,RT,,9/4/2019,,,,,1,,,   ,,,,,,,
sample,BS33164,,GA1850059,N  ,000,STATE,950,RTOR,,TC,Y  ,09/03/2019,10:05:00 AM,RT,,9/4/2019,,,,,1.6,,,   ,,,,,,,
sample,BS33165,,GA1850050,N  ,000,STATE,950,RTOR,,TC,Y  ,09/03/2019,9:05:00 AM,RT,,9/4/2019,,,,,1.6,,,   ,,,,,,,
sample,BS33166,,GA0750039,N  ,000,STATE,950,RTOR,,TC,Y  ,09/03/2019,11:30:00 AM,RT,,9/4/2019,,,,,1,,,   ,,,,,,,
sample,BS33167,,GA2410088,N  ,000,STATE,950,RTOR,,TC,Y  ,09/03/2019,12:00:00 PM,RT,,9/4/2019,,,,,.4,,,   ,,,,,,,
sample,BS33168,,GA2410122,N  ,000,STATE,950,RTOR,,TC,Y  ,09/03/2019,12:45:00 PM,RT,,9/4/2019,,,,,.7,,,   ,,,,,,,
sample,BS33169,,GA1230086,N  ,000,STATE,950,RTOR,,TC,Y  ,09/03/2019,11:00:00 AM,RT,,9/4/2019,,,,,.1,,,   ,,,,,,,
sample,BS33170,,GA1130007,N  ,000,STATE,950,RTOR,,TC,Y  ,09/04/2019,9:00:00 AM,RT,,9/4/2019,,,,,2,,,   ,,,,,,,
sample,BS33171,,GA1130009,N  ,000,STATE,950,RTOR,,TC,Y  ,09/04/2019,8:30:00 AM,RT,,9/4/2019,,,,,2,,,   ,,,,,,,
sample,BS33172,,GA2270003,N  ,000,STATE,950,RTOR,,TC,Y  ,09/03/2019,7:52:00 AM,RT,,9/4/2019,,,,,1.3,,,   ,,,,,,,
sample,BS33173,,GA2270003,N  ,000,STATE,950,RTOR,,TC,Y  ,09/03/2019,7:47:00 AM,RT,,9/4/2019,,,,,1.2,,,   ,,,,,,,
sample,BS33174,,GA2270003,N  ,000,STATE,950,RTOR,,TC,Y  ,09/03/2019,7:36:00 AM,RT,,9/4/2019,,,,,1,,,   ,,,,,,,
sample,BS33175,,GA1330051,N  ,000,STATE,950,RTOR,,TC,Y  ,09/03/2019,7:56:00 AM,RT,,9/4/2019,,,,,.97,,,   ,,,,,,,
sample,BS33176,,GA0370002,Y  ,000,STATE,101,101,,TC,Y  ,09/03/2019,7:30:00 AM,TG,,9/4/2019,,,,,,,,   ,,,,BS32814,08/22/2019,000,STATE
sample,BS33177,,GA0370002,Y  ,000,STATE,102,102,,TC,Y  ,09/03/2019,7:35:00 AM,TG,,9/4/2019,,,IP,,.9,,,   ,,,,BS32814,08/22/2019,000,STATE
sample,BS33178,,GA0370002,Y  ,000,STATE,950,RPOR,,TC,Y  ,09/03/2019,7:45:00 AM,RP,OR,9/4/2019,,,VO,,,,,   ,,,,BS32814,08/22/2019,000,STATE
sample,BS33179,,GA0370002,Y  ,000,STATE,950,RPUP,,TC,Y  ,09/03/2019,7:50:00 AM,RP,UP,9/4/2019,,,,,.05,,,   ,,,,BS32814,08/22/2019,000,STATE
sample,BS33180,,GA0370002,Y  ,000,STATE,950,RPDN,,TC,Y  ,09/03/2019,8:00:00 AM,RP,DN,9/4/2019,,,,,.4,,,   ,,,,BS32814,08/22/2019,000,STATE
sample,BS33181,,GA1430000,N  ,000,STATE,950,RTOR,,TC,Y  ,09/03/2019,11:40:00 AM,RT,,9/4/2019,,,,,1.41,,,   ,,,,,,,
sample,BS33182,,GA1430000,N  ,000,STATE,950,RTOR,,TC,Y  ,09/03/2019,11:55:00 AM,RT,,9/4/2019,,,,,1.16,,,   ,,,,,,,
sample,BS33183,,GA1430000,N  ,000,STATE,950,RTOR,,TC,Y  ,09/03/2019,12:25:00 PM,RT,,9/4/2019,,,,,.6,,,   ,,,,,,,
sample,BS33184,,GA1430000,N  ,000,STATE,950,RTOR,,TC,Y  ,09/03/2019,12:45:00 PM,RT,,9/4/2019,,,,,1.53,,,   ,,,,,,,
sample,BS33185,,GA2810007,N  ,000,STATE,950,RTOR,,TC,Y  ,09/03/2019,1:45:00 PM,RT,,9/4/2019,,,,,2.2,,,   ,,,,,,,
sample,BS33186,,GA2810007,N  ,000,STATE,950,RTOR,,TC,Y  ,09/03/2019,2:05:00 PM,RT,,9/4/2019,,,,,1.6,,,   ,,,,,,,
sample,BS33187,,GA2810007,N  ,000,STATE,950,RTOR,,TC,Y  ,09/03/2019,2:30:00 PM,RT,,9/4/2019,,,,,1.9,,,   ,,,,,,,
sample,BS33188,,GA2810007,N  ,000,STATE,950,RTOR,,TC,Y  ,09/03/2019,2:55:00 PM,RT,,9/4/2019,,,,,1.9,,,   ,,,,,,,
sample,BS33189,,GA2910000,N  ,000,STATE,950,RTOR,,TC,Y  ,09/03/2019,1:40:00 PM,RT,,9/4/2019,,,,,.7,,,   ,,,,,,,
sample,BS33190,,GA2910000,N  ,000,STATE,950,RTOR,,TC,Y  ,09/03/2019,1:50:00 PM,RT,,9/4/2019,,,,,.3,,,   ,,,,,,,
sample,BS33191,,GA2910000,N  ,000,STATE,950,RTOR,,TC,Y  ,09/03/2019,1:10:00 PM,RT,,9/4/2019,,,,,.9,,,   ,,,,,,,
sample,BS33192,,GA2910000,N  ,000,STATE,950,RTOR,,TC,Y  ,09/03/2019,1:20:00 PM,RT,,9/4/2019,,,,,.5,,,   ,,,,,,,
sample,BS33193,,GA2910000,N  ,000,STATE,950,RTOR,,TC,Y  ,09/03/2019,1:30:00 PM,RT,,9/4/2019,,,,,1.1,,,   ,,,,,,,
sample,BS33194,,GA0230000,N  ,000,STATE,950,RTOR,,TC,Y  ,09/03/2019,1:05:00 PM,RT,,9/4/2019,,,,,1.2,,,   ,,,,,,,
sample,BS33195,,GA0230000,N  ,000,STATE,950,RTOR,,TC,Y  ,09/03/2019,1:25:00 PM,RT,,9/4/2019,,,,,1.1,,,   ,,,,,,,
sample,BS33196,,GA0230000,N  ,000,STATE,950,RTOR,,TC,Y  ,09/03/2019,1:55:00 PM,RT,,9/4/2019,,,,,1.2,,,   ,,,,,,,
sample,BS33197,,GA1330000,N  ,000,STATE,950,RTOR,,TC,Y  ,09/03/2019,8:30:00 AM,RT,,9/4/2019,,,,,1.69,,,   ,,,,,,,
sample,BS33198,,GA1330000,N  ,000,STATE,950,RTOR,,TC,Y  ,09/03/2019,10:30:00 AM,RT,,9/4/2019,,,,,.7,,,   ,,,,,,,
sample,BS33199,,GA1330000,N  ,000,STATE,950,RTOR,,TC,Y  ,09/03/2019,9:15:00 AM,RT,,9/4/2019,,,,,.73,,,   ,,,,,,,
sample,BS33200,,GA3110072,N  ,000,STATE,950,RTOR,,TC,Y  ,09/03/2019,8:23:00 AM,RT,,9/4/2019,,,,,.14,,,   ,,,,,,,
sample,BS33201,,GA3110072,N  ,000,STATE,950,RTOR,,TC,Y  ,09/03/2019,9:50:00 AM,RT,,9/4/2019,,,,,.84,,,   ,,,,,,,
sample,BS33202,,GA3110072,N  ,000,STATE,950,RTOR,,TC,Y  ,09/03/2019,10:24:00 AM,RT,,9/4/2019,,,,,1.61,,,   ,,,,,,,
sample,BS33203,,GA1530000,N  ,000,STATE,950,RTOR,,TC,Y  ,09/03/2019,1:16:00 PM,RT,,9/4/2019,,,,,.78,,,   ,,,,,,,
sample,BS33204,,GA1530000,N  ,000,STATE,950,RTOR,,TC,Y  ,09/03/2019,1:40:00 PM,RT,,9/4/2019,,,,,.61,,,   ,,,,,,,
sample,BS33205,,GA1530000,N  ,000,STATE,950,RTOR,,TC,Y  ,09/03/2019,1:58:00 PM,RT,,9/4/2019,,,,,.67,,,   ,,,,,,,
sample,BS33206,,GA1530000,N  ,000,STATE,950,RTOR,,TC,Y  ,09/03/2019,2:14:00 PM,RT,,9/4/2019,,,,,.82,,,   ,,,,,,,
sample,BS33207,,GA2410089,N  ,000,STATE,950,RTOR,,TC,Y  ,09/03/2019,1:17:00 PM,RT,,9/4/2019,,,,,1,,,   ,,,,,,,
sample,BS33208,,GA1130016,N  ,000,STATE,950,RTOR,,TC,Y  ,09/03/2019,11:00:00 AM,RT,,9/4/2019,,,,,.3,,,   ,,,,,,,
sample,BS33209,,GA2910097,N  ,000,STATE,950,RTOR,,TC,Y  ,09/03/2019,12:15:00 PM,RT,,9/4/2019,,,,,1,,,   ,,,,,,,
sample,BS33210,,GA2910104,N  ,000,STATE,950,RTOR,,TC,Y  ,09/03/2019,2:14:00 PM,RT,,9/4/2019,,,,,1,,,   ,,,,,,,
sample,BS33211,,GA2810050,N  ,000,STATE,950,RTOR,,TC,Y  ,09/03/2019,12:37:00 PM,RT,,9/4/2019,,,,,1,,,   ,,,,,,,
sample,BS33212,,GA1850329,N  ,000,STATE,950,RTOR,,TC,Y  ,09/03/2019,9:35:00 AM,RT,,9/4/2019,,,,,.5,,,   ,,,,,,,
sample,BS33213,,GA1330071,N  ,000,STATE,950,RTOR,,TC,Y  ,09/03/2019,8:46:00 AM,RT,,9/4/2019,,,,,.51,,,   ,,,,,,,
sample,BS33214,,GA1410016,N  ,000,STATE,950,RTOR,,TC,Y  ,09/03/2019,10:05:00 AM,RT,,9/4/2019,,,,,.76,,,   ,,,,,,,
sample,BS33215,,GA2370085,N  ,000,STATE,950,RTOR,,TC,Y  ,09/03/2019,10:55:00 AM,RT,,9/4/2019,,,,,.7,,,   ,,,,,,,
sample,BS33216,,GA1690001,N  ,000,STATE,950,RTOR,,TC,Y  ,09/03/2019,10:10:00 AM,RT,,9/4/2019,,,,,1,,,   ,,,,,,,
sample,BS33217,,GA2210065,N  ,000,STATE,950,RTOR,,TC,Y  ,09/03/2019,3:10:00 PM,RT,,9/4/2019,,,,,.72,,,   ,,,,,,,
sample,BS33218,,GA1890005,N  ,000,STATE,950,RTOR,,TC,Y  ,09/03/2019,9:15:00 AM,RT,,9/4/2019,,,,,.24,,,   ,,,,,,,
sample,BS33219,,GA1890006,N  ,000,STATE,950,RTOR,,TC,Y  ,09/03/2019,9:40:00 AM,RT,,9/4/2019,,,,,,,,   ,,,,,,,
sample,BS33220,,GA2370064,N  ,000,STATE,950,RTOR,,TC,Y  ,09/03/2019,11:33:00 AM,RT,,9/4/2019,,,,,.61,,,   ,,,,,,,
sample,BS33221,,GA2110009,N  ,000,STATE,950,RTOR,,TC,Y  ,09/03/2019,12:42:00 PM,RT,,9/4/2019,,,,,.71,,,   ,,,,,,,
sample,BS33222,,GA2110008,N  ,000,STATE,950,RTOR,,TC,Y  ,09/03/2019,1:50:00 PM,RT,,9/4/2019,,,,,.86,,,   ,,,,,,,
sample,BS33223,,GA2190073,N  ,000,STATE,950,RTOR,,TC,Y  ,09/03/2019,2:40:00 PM,RT,,9/4/2019,,,,,.85,,,   ,,,,,,,
sample,BS33224,,GA0450045,Y  ,000,STATE,101,101,,TC,Y  ,09/03/2019,2:15:00 PM,TG,,9/4/2019,,,,,,,,   ,,,,BS27106,05/21/2019,000,STATE
sample,BS33225,,GA0450045,Y  ,000,STATE,102,102,,TC,Y  ,09/03/2019,2:16:00 PM,TG,,9/4/2019,,,,,,,,   ,,,,BS27106,05/21/2019,000,STATE
sample,BS33226,,GA2270000,N  ,000,STATE,950,RTOR,,TC,Y  ,09/03/2019,3:55:00 PM,RT,,9/4/2019,,,,,1.07,,,   ,,,,,,,
sample,BS33227,,GA2270000,N  ,000,STATE,950,RTOR,,TC,Y  ,09/03/2019,1:30:00 PM,RT,,9/4/2019,,,,,.87,,,   ,,,,,,,
sample,BS33228,,GA2270000,N  ,000,STATE,950,RTOR,,TC,Y  ,09/03/2019,2:38:00 PM,RT,,9/4/2019,,,,,.66,,,   ,,,,,,,
sample,BS33229,,GA2270000,N  ,000,STATE,950,RTOR,,TC,Y  ,09/03/2019,1:10:00 PM,RT,,9/4/2019,,,,,.74,,,   ,,,,,,,
sample,BS33230,,GA2270000,N  ,000,STATE,950,RTOR,,TC,Y  ,09/03/2019,3:27:00 PM,RT,,9/4/2019,,,,,.79,,,   ,,,,,,,
sample,BS33231,,GA0910003,N  ,000,STATE,950,RTOR,,TC,Y  ,09/03/2019,1:00:00 PM,RT,,9/4/2019,,,,,.71,,,   ,,,,,,,
sample,BS33232,,GA0910002,N  ,000,STATE,950,RTOR,,TC,Y  ,09/03/2019,2:00:00 PM,RT,,9/4/2019,,,,,1.1,,,   ,,,,,,,
sample,BS33233,,GA0910002,N  ,000,STATE,950,RTOR,,TC,Y  ,09/03/2019,2:15:00 PM,RT,,9/4/2019,,,,,.9,,,   ,,,,,,,
sample,BS33234,,GA0910002,N  ,000,STATE,950,RTOR,,TC,Y  ,09/03/2019,2:25:00 PM,RT,,9/4/2019,,,,,1.1,,,   ,,,,,,,
sample,BS33235,,GA0910002,N  ,000,STATE,950,RTOR,,TC,Y  ,09/03/2019,2:50:00 PM,RT,,9/4/2019,,,,,.7,,,   ,,,,,,,
sample,BS33236,,GA1470000,N  ,000,STATE,950,RTOR,,TC,Y  ,09/03/2019,11:09:00 AM,RT,,9/4/2019,,,,,1.79,,,   ,,,,,,,
sample,BS33237,,GA1470000,N  ,000,STATE,950,RTOR,,TC,Y  ,09/03/2019,10:57:00 AM,RT,,9/4/2019,,,,,.73,,,   ,,,,,,,
sample,BS33238,,GA1470000,N  ,000,STATE,950,RTOR,,TC,Y  ,09/03/2019,11:28:00 AM,RT,,9/4/2019,,,,,1.05,,,   ,,,,,,,
sample,BS33239,,GA1470000,N  ,000,STATE,950,RTOR,,TC,Y  ,09/03/2019,10:38:00 AM,RT,,9/4/2019,,,,,1.57,,,   ,,,,,,,
sample,BS33240,,GA2410105,N  ,000,STATE,950,RTOR,,TC,Y  ,09/03/2019,1:50:00 PM,RT,,9/4/2019,,,,,1,,,   ,,,,,,,
sample,BS33241,,GA2510048,N  ,000,STATE,950,RTOR,,TC,Y  ,09/03/2019,10:06:00 AM,RT,,9/4/2019,,,,,.6,,,   ,,,,,,,
sample,BS33242,,GA2510050,N  ,000,STATE,950,RTOR,,TC,Y  ,09/03/2019,10:30:00 AM,RT,,9/4/2019,,,,,.3,,,   ,,,,,,,
sample,BS33243,,GA2510053,N  ,000,STATE,950,RTOR,,TC,Y  ,09/03/2019,12:05:00 PM,RT,,9/4/2019,,,,,.5,,,   ,,,,,,,
sample,BS33244,,GA1030100,N  ,000,STATE,950,RTOR,,TC,Y  ,09/03/2019,1:37:00 PM,RT,,9/4/2019,,,,,.4,,,   ,,,,,,,
sample,BS33245,,GA1590004,N  ,000,STATE,950,RTOR,,TC,Y  ,09/03/2019,4:15:00 PM,RT,,9/4/2019,,,,,2.4,,,   ,,,,,,,
sample,BS33246,,GA2410124,N  ,000,STATE,950,RTOR,,TC,Y  ,09/03/2019,2:50:00 PM,RT,,9/4/2019,,,,,.68,,,   ,,,,,,,
sample,BS33247,,GA2410104,N  ,000,STATE,950,RTOR,,TC,Y  ,09/03/2019,8:15:00 AM,RT,,9/4/2019,,,,,,,,   ,,,,,,,
sample,BS33248,,GA2410136,N  ,000,STATE,950,RTOR,,TC,Y  ,09/03/2019,3:00:00 PM,RT,,9/4/2019,,,,,.23,,,   ,,,,,,,
sample,BS33249,,GA3110038,N  ,000,STATE,950,RTOR,,TC,Y  ,09/03/2019,12:20:00 PM,RT,,9/4/2019,,,,,,,,   ,,,,,,,
sample,BS33250,,GA2410045,N  ,000,STATE,950,RTOR,,TC,Y  ,09/03/2019,10:00:00 AM,RT,,9/4/2019,,,,,.5,,,   ,,,,,,,
sample,BS33251,,GA2810031,N  ,000,STATE,950,RTOR,,TC,Y  ,09/03/2019,11:00:00 AM,RT,,9/4/2019,,,,,,,,   ,,,,,,,
sample,BS33252,,GA3110100,N  ,000,STATE,950,RTOR,,TC,Y  ,09/03/2019,2:00:00 PM,RT,,9/4/2019,,,,,.3,,,   ,,,,,,,
sample,BS33253,,GA2810012,N  ,000,STATE,950,RTOR,,TC,Y  ,09/03/2019,10:30:00 AM,RT,,9/4/2019,,,,,,,,   ,,,,,,,
sample,BS33254,,GA1190001,N  ,000,STATE,950,RTOR,,TC,Y  ,09/03/2019,2:00:00 PM,RT,,9/4/2019,,,,,.15,,,   ,,,,,,,
sample,BS33255,,GA2890026,N  ,000,STATE,950,RTOR,,TC,Y  ,09/03/2019,2:00:00 PM,RT,,9/4/2019,,,,,.89,,,   ,,,,,,,
sample,BS33256,,GA1470071,N  ,000,STATE,950,RTOR,,TC,Y  ,09/03/2019,11:55:00 AM,RT,,9/4/2019,,,,,2,,,   ,,,,,,,
sample,BS33257,,GA0210075,Y  ,000,STATE,950,RPOR,,TC,Y  ,09/03/2019,10:15:00 AM,RP,OR,9/4/2019,,,,,,,,   ,,,,BS32961,08/27/2019,000,STATE
sample,BS33258,,GA0210075,Y  ,000,STATE,950,RPDN,,TC,Y  ,09/03/2019,10:25:00 AM,RP,DN,9/4/2019,,,,,,,,   ,,,,BS32961,08/27/2019,000,STATE
sample,BS33259,,GA0210075,Y  ,000,STATE,950,RPUP,,TC,Y  ,09/03/2019,10:40:00 AM,RP,UP,9/4/2019,,,,,,,,   ,,,,BS32961,08/27/2019,000,STATE
sample,BS33260,,GA0210075,Y  ,000,STATE,101,101,,TC,Y  ,09/03/2019,9:53:00 AM,TG,,9/4/2019,,,,,,,,   ,,,,BS32961,08/27/2019,000,STATE
sample,BS33261,,GA0210075,Y  ,000,STATE,102,102,,TC,Y  ,09/03/2019,10:02:00 AM,TG,,9/4/2019,,,,,,,,   ,,,,BS32961,08/27/2019,000,STATE
sample,BS33262,,GA0330021,Y  ,000,STATE,950,RPOR,,TC,Y  ,09/03/2019,3:15:00 PM,RP,OR,9/4/2019,,,,,,,,   ,,,,BS32965,08/27/2019,000,STATE
sample,BS33263,,GA0330021,Y  ,000,STATE,950,RPDN,,TC,Y  ,09/03/2019,3:15:00 PM,RP,DN,9/4/2019,,,,,,,,   ,,,,BS32965,08/27/2019,000,STATE
sample,BS33264,,GA0330021,Y  ,000,STATE,950,RPUP,,TC,Y  ,09/03/2019,3:15:00 PM,RP,UP,9/4/2019,,,,,,,,   ,,,,BS32965,08/27/2019,000,STATE
sample,BS33265,,GA0330021,Y  ,000,STATE,101,301,,TC,Y  ,09/03/2019,3:15:00 PM,TG,,9/4/2019,,,,,,,,   ,,,,BS32965,08/27/2019,000,STATE
sample,BS33266,,GA1470058,N  ,000,STATE,950,RTOR,,TC,Y  ,09/03/2019,12:00:00 PM,RT,,9/4/2019,,,,,1,,,   ,,,,,,,
sample,BS33267,,GA1470052,N  ,000,STATE,950,RTOR,,TC,Y  ,09/03/2019,12:45:00 PM,RT,,9/4/2019,,,,,1.5,,,   ,,,,,,,
sample,BS33268,,GA1470053,N  ,000,STATE,950,RTOR,,TC,Y  ,09/03/2019,12:25:00 PM,RT,,9/4/2019,,,,,2,,,   ,,,,,,,
sample,BS33269,,GA1470060,N  ,000,STATE,950,RTOR,,TC,Y  ,09/03/2019,12:30:00 PM,RT,,9/4/2019,,,,,1,,,   ,,,,,,,
sample,BS33270,,GA1470070,N  ,000,STATE,950,RTOR,,TC,Y  ,09/03/2019,1:25:00 PM,RT,,9/4/2019,,,,,1,,,   ,,,,,,,
sample,BS33271,,GA1470076,N  ,000,STATE,950,RTOR,,TC,Y  ,09/03/2019,1:55:00 PM,RT,,9/4/2019,,,,,2,,,   ,,,,,,,
sample,BS33272,,GA1470009,N  ,000,STATE,950,RTOR,,TC,Y  ,09/03/2019,2:00:00 PM,RT,,9/4/2019,,,,,1.5,,,   ,,,,,,,
sample,BS33273,,GA2810040,N  ,000,STATE,950,RTOR,,TC,Y  ,09/03/2019,4:10:00 PM,RT,,9/4/2019,,,,,.74,,,   ,,,,,,,
sample,BS33274,,GA2410129,N  ,000,STATE,950,RTOR,,TC,Y  ,09/03/2019,11:10:00 AM,RT,,9/4/2019,,,,,,,,   ,,,,,,,
sample,BS33275,,GA1990003,N  ,000,STATE,950,RTOR,,TC,Y  ,09/03/2019,2:04:00 PM,RT,,9/4/2019,,,,,1.2,,,   ,,,,,,,
sample,BS33276,,GA1990003,N  ,000,STATE,950,RTOR,,TC,Y  ,09/03/2019,2:16:00 PM,RT,,9/4/2019,,,,,1.43,,,   ,,,,,,,
sample,BS33277,,GA1990003,N  ,000,STATE,950,RTOR,,TC,Y  ,09/03/2019,2:45:00 PM,RT,,9/4/2019,,,,,.45,,,   ,,,,,,,
sample,BS33278,,GA2350000,N  ,000,STATE,950,RTOR,,TC,Y  ,09/03/2019,2:25:00 PM,RT,,9/4/2019,,,,,1.2,,,   ,,,,,,,
sample,BS33279,,GA2310002,N  ,000,STATE,950,RTOR,,TC,Y  ,09/03/2019,9:10:00 AM,RT,,9/4/2019,,,,,,,,   ,,,,,,,
sample,BS33280,,GA2310003,N  ,000,STATE,950,RTOR,,TC,Y  ,09/03/2019,1:37:00 PM,RT,,9/4/2019,,,,,.71,,,   ,,,,,,,
sample,BS33281,,GA2710003,N  ,000,STATE,950,RTOR,,TC,Y  ,09/03/2019,3:00:00 PM,RT,,9/4/2019,,,,,1.79,,,   ,,,,,,,
sample,BS33282,,GA2710003,N  ,000,STATE,950,RTOR,,TC,Y  ,09/03/2019,3:15:00 PM,RT,,9/4/2019,,,,,1.68,,,   ,,,,,,,
sample,BS33283,,GA2710003,N  ,000,STATE,950,RTOR,,TC,Y  ,09/03/2019,3:25:00 PM,RT,,9/4/2019,,,,,1.86,,,   ,,,,,,,
sample,BS33284,,GA2410001,N  ,000,STATE,950,RTOR,,TC,Y  ,09/03/2019,10:15:00 AM,RT,,9/4/2019,,,,,1.5,,,   ,,,,,,,
sample,BS33285,,GA1930000,N  ,000,STATE,950,RTOR,,TC,Y  ,09/03/2019,11:50:00 AM,RT,,9/4/2019,,,,,1.51,,,   ,,,,,,,
sample,BS33286,,GA2630000,N  ,000,STATE,950,RTOR,,TC,Y  ,09/03/2019,2:45:00 PM,RT,,9/4/2019,,,,,1.1,,,   ,,,,,,,
sample,BS33287,,GA1070001,N  ,000,STATE,950,RTOR,,TC,Y  ,09/03/2019,3:00:00 PM,RT,,9/4/2019,,,,,.4,,,   ,,,,,,,
sample,BS33288,,GA1950000,N  ,000,STATE,950,RTOR,,TC,Y  ,09/03/2019,2:00:00 PM,RT,,9/4/2019,,,,,.3,,,   ,,,,,,,
sample,BS33289,,GA1070000,N  ,000,STATE,950,RTOR,,TC,Y  ,09/03/2019,2:18:00 PM,RT,,9/4/2019,,,,,.41,,,   ,,,,,,,
sample,BS33290,,GA1330004,N  ,000,STATE,950,RTOR,,TC,Y  ,09/03/2019,8:30:00 AM,RT,,9/4/2019,,,,,.7,,,   ,,,,,,,
sample,BS33291,,GA1810033,N  ,000,STATE,950,RTOR,,TC,Y  ,09/03/2019,2:16:00 PM,RT,,9/4/2019,,,,,.8,,,   ,,,,,,,
sample,BS33292,,GA2410119,N  ,000,STATE,950,RTOR,,TC,Y  ,09/03/2019,11:00:00 AM,RT,,9/4/2019,,,,,.9,,,   ,,,,,,,
sample,BS33293,,GA1750110,N  ,000,STATE,950,RTOR,,TC,Y  ,09/03/2019,4:00:00 PM,RT,,9/4/2019,,,,,.5,,,   ,,,,,,,
sample,BS33294,,GA2370090,N  ,000,STATE,950,RTOR,,TC,Y  ,09/03/2019,10:30:00 AM,RT,,9/4/2019,,,,,.5,,,   ,,,,,,,
sample,BS33295,,GA1130005,N  ,000,STATE,950,RTOR,,TC,Y  ,09/03/2019,4:15:00 PM,RT,,9/4/2019,,,,,,,,   ,,,,,,,
sample,BS33296,,GA2930009,N  ,000,STATE,950,RTOR,,TC,Y  ,09/03/2019,11:00:00 AM,RT,,9/4/2019,,,,,1,,,   ,,,,,,,
sample,BS33297,,GA2930015,N  ,000,STATE,950,RTOR,,TC,Y  ,09/03/2019,8:38:00 AM,RT,,9/4/2019,,,,,.4,,,   ,,,,,,,
sample,BS33298,,GA2930016,N  ,000,STATE,950,RTOR,,TC,Y  ,09/03/2019,9:11:00 AM,RT,,9/4/2019,,,,,1.4,,,   ,,,,,,,
sample,BS33299,,GA2930017,N  ,000,STATE,950,RTOR,,TC,Y  ,09/03/2019,9:45:00 AM,RT,,9/4/2019,,,,,.4,,,   ,,,,,,,
sample,BS33300,,GA1470054,N  ,000,STATE,950,RTOR,,TC,Y  ,09/03/2019,9:15:00 AM,RT,,9/4/2019,,,,,1.5,,,   ,,,,,,,
sample,BS33301,,GA1470055,N  ,000,STATE,950,RTOR,,TC,Y  ,09/03/2019,9:30:00 AM,RT,,9/4/2019,,,,,1.5,,,   ,,,,,,,
sample,BS33302,,GA1470074,N  ,000,STATE,950,RTOR,,TC,Y  ,09/03/2019,9:50:00 AM,RT,,9/4/2019,,,,,2,,,   ,,,,,,,
sample,BS33303,,GA1470080,N  ,000,STATE,950,RTOR,,TC,Y  ,09/03/2019,10:05:00 AM,RT,,9/4/2019,,,,,1.5,,,   ,,,,,,,
sample,BS33304,,GA1470073,N  ,000,STATE,950,RTOR,,TC,Y  ,09/03/2019,10:20:00 AM,RT,,9/4/2019,,,,,1,,,   ,,,,,,,
sample,BS33305,,GA1470056,N  ,000,STATE,950,RTOR,,TC,Y  ,09/03/2019,10:45:00 AM,RT,,9/4/2019,,,,,2,,,   ,,,,,,,
sample,BS33306,,GA1470057,N  ,000,STATE,950,RTOR,,TC,Y  ,09/03/2019,11:15:00 AM,RT,,9/4/2019,,,,,2,,,   ,,,,,,,
sample,BS33307,,GA1470075,N  ,000,STATE,950,RTOR,,TC,Y  ,09/03/2019,11:45:00 AM,RT,,9/4/2019,,,,,2,,,   ,,,,,,,
sample,BS33308,,GA2470005,N  ,000,STATE,950,RTOR,,TC,Y  ,09/03/2019,1:37:00 PM,RT,,9/4/2019,,,,,2.2,,,   ,,,,,,,
sample,BS33309,,GA2470005,N  ,000,STATE,950,RTOR,,TC,Y  ,09/03/2019,1:44:00 PM,RT,,9/4/2019,,,,,1.45,,,   ,,,,,,,
sample,BS33310,,GA2470005,N  ,000,STATE,950,RTOR,,TC,Y  ,09/03/2019,1:59:00 PM,RT,,9/4/2019,,,,,2.2,,,   ,,,,,,,
sample,BS33311,,GA0790007,N  ,000,STATE,950,RTOR,,TC,Y  ,09/03/2019,6:30:00 PM,RT,,9/4/2019,,,,,.5,,,   ,,,,,,,
sample,BS33312,,GA1590002,N  ,000,STATE,950,RTOR,,TC,Y  ,09/04/2019,10:30:00 AM,RT,,9/4/2019,,,,,1.29,,,   ,,,,,,,
sample,BS33313,,GA1590002,N  ,000,STATE,950,RTOR,,TC,Y  ,09/04/2019,11:21:00 AM,RT,,9/4/2019,,,,,1.02,,,   ,,,,,,,
sample,BS33314,,GA1590002,N  ,000,STATE,950,RTOR,,TC,Y  ,09/04/2019,11:02:00 AM,RT,,9/4/2019,,,,,1.2,,,   ,,,,,,,
sample,BS33315,,GA0610000,N  ,000,STATE,950,RTOR,,TC,Y  ,09/03/2019,1:30:00 PM,RT,,9/4/2019,,,,,.5,,,   ,,,,,,,
sample,BS33316,,GA3110060,N  ,000,STATE,950,RTOR,,TC,Y  ,09/03/2019,1:30:00 PM,RT,,9/4/2019,,,,,.3,,,   ,,,,,,,
sample,BS33317,,GA1370054,N  ,000,STATE,950,RTOR,,TC,Y  ,09/03/2019,2:10:00 PM,RT,,9/4/2019,,,,,.43,,,   ,,,,,,,
sample,BS33318,,GA3110062,N  ,000,STATE,950,RTOR,,TC,Y  ,09/03/2019,12:25:00 PM,RT,,9/4/2019,,,,,.34,,,   ,,,,,,,
sample,BS33319,,GA1370063,N  ,000,STATE,950,RTOR,,TC,Y  ,09/03/2019,9:25:00 AM,RT,,9/4/2019,,,,,.42,,,   ,,,,,,,
sample,BS33320,,GA2570029,N  ,000,STATE,950,RTOR,,TC,Y  ,09/03/2019,3:35:00 PM,RT,,9/4/2019,,,,,.23,,,   ,,,,,,,
sample,BS33321,,GA3110109,N  ,000,STATE,950,RTOR,,TC,Y  ,09/03/2019,4:10:00 PM,RT,,9/4/2019,,,,,.42,,,   ,,,,,,,
sample,BS33322,,GA3110075,N  ,000,STATE,950,RTOR,,TC,Y  ,09/03/2019,5:05:00 PM,RT,,9/4/2019,,,,,.74,,,   ,,,,,,,
sample,BS33323,,GA1370068,N  ,000,STATE,950,RTOR,,TC,Y  ,09/03/2019,11:45:00 AM,RT,,9/4/2019,,,,,.37,,,   ,,,,,,,
sample,BS33324,,GA1370055,N  ,000,STATE,950,RTOR,,TC,Y  ,09/03/2019,12:55:00 PM,RT,,9/4/2019,,,,,1.18,,,   ,,,,,,,
sample,BS33325,,GA1370070,N  ,000,STATE,950,RTOR,,TC,Y  ,09/03/2019,1:25:00 PM,RT,,9/4/2019,,,VO,,.5,,,   ,,,,,,,
sample,BS33326,,GA3110010,N  ,000,STATE,950,RTOR,,TC,Y  ,09/03/2019,4:30:00 PM,RT,,9/4/2019,,,,,.42,,,   ,,,,,,,
sample,BS33327,,GA1370069,N  ,000,STATE,950,RTOR,,TC,Y  ,09/03/2019,12:00:00 PM,RT,,9/4/2019,,,,,.95,,,   ,,,,,,,
sample,BS33328,,GA3110090,N  ,000,STATE,950,RTOR,,TC,Y  ,09/03/2019,11:35:00 AM,RT,,9/4/2019,,,,,0,,,   ,,,,,,,
sample,BS33329,,GA0010000,N  ,000,STATE,950,RTOR,,TC,Y  ,09/03/2019,12:35:00 PM,RT,,9/4/2019,,,,,.9,,,   ,,,,,,,
sample,BS33330,,GA0010000,N  ,000,STATE,950,RTOR,,TC,Y  ,09/03/2019,12:50:00 PM,RT,,9/4/2019,,,,,1,,,   ,,,,,,,
sample,BS33331,,GA0010000,N  ,000,STATE,950,RTOR,,TC,Y  ,09/03/2019,1:10:00 PM,RT,,9/4/2019,,,,,.9,,,   ,,,,,,,
sample,BS33332,,GA0010000,N  ,000,STATE,950,RTOR,,TC,Y  ,09/03/2019,1:27:00 PM,RT,,9/4/2019,,,,,1,,,   ,,,,,,,
sample,BS33333,,GA1510002,N  ,000,STATE,950,RTOR,,TC,Y  ,09/04/2019,10:05:00 AM,RT,,9/5/2019,,,,,1.3,,,   ,,,,,,,
sample,BS33334,,GA1510002,N  ,000,STATE,950,RTOR,,TC,Y  ,09/04/2019,10:20:00 AM,RT,,9/5/2019,,,,,1.44,,,   ,,,,,,,
sample,BS33335,,GA1510002,N  ,000,STATE,950,RTOR,,TC,Y  ,09/04/2019,10:35:00 AM,RT,,9/5/2019,,,,,1.03,,,   ,,,,,,,
sample,BS33336,,GA0570006,N  ,000,STATE,950,RTOR,,TC,Y  ,09/04/2019,8:50:00 AM,RT,,9/5/2019,,,,,.29,,,   ,,,,,,,
sample,BS33337,,GA0570006,N  ,000,STATE,950,RTOR,,TC,Y  ,09/04/2019,9:36:00 AM,RT,,9/5/2019,,,,,.39,,,   ,,,,,,,
sample,BS33338,,GA0570006,N  ,000,STATE,950,RTOR,,TC,Y  ,09/04/2019,10:00:00 AM,RT,,9/5/2019,,,,,.31,,,   ,,,,,,,
sample,BS33339,,GA0550000,N  ,000,STATE,950,RTOR,,TC,Y  ,09/04/2019,8:30:00 AM,RT,,9/5/2019,,,,,.37,,,   ,,,,,,,
sample,BS33340,,GA0550000,N  ,000,STATE,950,RTOR,,TC,Y  ,09/04/2019,9:15:00 AM,RT,,9/5/2019,,,,,.42,,,   ,,,,,,,
sample,BS33341,,GA0550000,N  ,000,STATE,950,RTOR,,TC,Y  ,09/04/2019,9:45:00 AM,RT,,9/5/2019,,,,,1.12,,,   ,,,,,,,
sample,BS33342,,GA1450001,N  ,000,STATE,950,RTOR,,TC,Y  ,09/04/2019,8:00:00 AM,RT,,9/5/2019,,,,,.8,,,   ,,,,,,,
sample,BS33343,,GA1450001,N  ,000,STATE,950,RTOR,,TC,Y  ,09/04/2019,8:05:00 AM,RT,,9/5/2019,,,,,.7,,,   ,,,,,,,
sample,BS33344,,GA1230051,N  ,000,STATE,950,RTOR,,TC,Y  ,09/04/2019,11:30:00 AM,RT,,9/5/2019,,,,,.5,,,   ,,,,,,,
sample,BS33345,,GA0610029,N  ,000,STATE,950,RTOR,,TC,Y  ,09/04/2019,11:19:00 AM,RT,,9/5/2019,,,,,2.48,,,   ,,,,,,,
sample,BS33346,,GA2910029,N  ,000,STATE,950,RTOR,,TC,Y  ,09/04/2019,12:45:00 PM,RT,,9/5/2019,,,,,.6,,,   ,,,,,,,
sample,BS33347,,GA2170096,N  ,000,STATE,950,RTOR,,TC,Y  ,09/04/2019,10:47:00 AM,RT,,9/5/2019,,,,,.79,,,   ,,,,,,,
sample,BS33348,,GA2970041,N  ,000,STATE,950,RTOR,,TC,Y  ,09/04/2019,11:30:00 AM,RT,,9/5/2019,,,,,.55,,,   ,,,,,,,
sample,BS33349,,GA2190054,N  ,000,STATE,950,RTOR,,TC,Y  ,09/04/2019,12:12:00 PM,RT,,9/5/2019,,,,,.56,,,   ,,,,,,,
sample,BS33350,,GA2190060,N  ,000,STATE,950,RTOR,,TC,Y  ,09/04/2019,12:52:00 PM,RT,,9/5/2019,,,,,.85,,,   ,,,,,,,
sample,BS33351,,GA1570120,N  ,000,STATE,950,RTOR,,TC,Y  ,09/04/2019,7:35:00 AM,RT,,9/5/2019,,,,,.98,,,   ,,,,,,,
sample,BS33352,,GA0130033,N  ,000,STATE,950,RTOR,,TC,Y  ,09/04/2019,8:12:00 AM,RT,,9/5/2019,,,,,1.52,,,   ,,,,,,,
sample,BS33353,,GA0130032,N  ,000,STATE,950,RTOR,,TC,Y  ,09/04/2019,8:50:00 AM,RT,,9/5/2019,,,,,1.55,,,   ,,,,,,,
sample,BS33354,,GA2170094,N  ,000,STATE,950,RTOR,,TC,Y  ,09/04/2019,10:15:00 AM,RT,,9/5/2019,,,,,.61,,,   ,,,,,,,
sample,BS33355,,GA2190057,N  ,000,STATE,950,RTOR,,TC,Y  ,09/04/2019,1:25:00 PM,RT,,9/5/2019,,,,,.3,,,   ,,,,,,,
sample,BS33356,,GA2190055,N  ,000,STATE,950,RTOR,,TC,Y  ,09/04/2019,1:55:00 PM,RT,,9/5/2019,,,,,.75,,,   ,,,,,,,
sample,BS33357,,GA2190053,N  ,000,STATE,950,RTOR,,TC,Y  ,09/04/2019,2:40:00 PM,RT,,9/5/2019,,,,,.59,,,   ,,,,,,,
sample,BS33358,,GA2190058,N  ,000,STATE,950,RTOR,,TC,Y  ,09/04/2019,3:00:00 PM,RT,,9/5/2019,,,,,.36,,,   ,,,,,,,
sample,BS33359,,GA1950004,N  ,000,STATE,950,RTOR,,TC,Y  ,09/04/2019,6:45:00 PM,RT,,9/5/2019,,,,,.99,,,   ,,,,,,,
sample,BS33360,,GA2910006,N  ,000,STATE,950,RTOR,,TC,Y  ,09/04/2019,7:45:00 AM,RT,,9/5/2019,,,,,.7,,,   ,,,,,,,
sample,BS33361,,GA2910006,N  ,000,STATE,950,RTOR,,TC,Y  ,09/04/2019,7:58:00 AM,RT,,9/5/2019,,,,,.72,,,   ,,,,,,,
sample,BS33362,,GA2910006,N  ,000,STATE,950,RTOR,,TC,Y  ,09/04/2019,8:15:00 AM,RT,,9/5/2019,,,,,.69,,,   ,,,,,,,
sample,BS33363,,GA2910006,N  ,000,STATE,950,RTOR,,TC,Y  ,09/04/2019,8:25:00 AM,RT,,9/5/2019,,,VO,,.75,,,   ,,,,,,,
sample,BS33364,,GA2910006,N  ,000,STATE,950,RTOR,,TC,Y  ,09/04/2019,8:40:00 AM,RT,,9/5/2019,,,,,.77,,,   ,,,,,,,
sample,BS33365,,GA3110000,N  ,000,STATE,950,RTOR,,TC,Y  ,09/04/2019,10:40:00 AM,RT,,9/5/2019,,,,,1.35,,,   ,,,,,,,
sample,BS33366,,GA3110000,N  ,000,STATE,950,RTOR,,TC,Y  ,09/04/2019,10:55:00 AM,RT,,9/5/2019,,,,,.89,,,   ,,,,,,,
sample,BS33367,,GA3110000,N  ,000,STATE,950,RTOR,,TC,Y  ,09/04/2019,11:10:00 AM,RT,,9/5/2019,,,,,.75,,,   ,,,,,,,
sample,BS33368,,GA1430000,N  ,000,STATE,950,RTOR,,TC,Y  ,09/04/2019,12:20:00 PM,RT,,9/5/2019,,,,,1.12,,,   ,,,,,,,
sample,BS33369,,GA1430000,N  ,000,STATE,950,RTOR,,TC,Y  ,09/04/2019,12:35:00 PM,RT,,9/5/2019,,,,,.67,,,   ,,,,,,,
sample,BS33370,,GA1430000,N  ,000,STATE,950,RTOR,,TC,Y  ,09/04/2019,12:55:00 PM,RT,,9/5/2019,,,,,1.16,,,   ,,,,,,,
sample,BS33371,,GA1690002,N  ,000,STATE,950,RTOR,,TC,Y  ,09/04/2019,10:52:00 AM,RT,,9/5/2019,,,,,.84,,,   ,,,,,,,
sample,BS33372,,GA1690002,N  ,000,STATE,950,RTOR,,TC,Y  ,09/04/2019,11:12:00 AM,RT,,9/5/2019,,,,,.83,,,   ,,,,,,,
sample,BS33373,,GA1690002,N  ,000,STATE,950,RTOR,,TC,Y  ,09/04/2019,11:36:00 AM,RT,,9/5/2019,,,,,.81,,,   ,,,,,,,
sample,BS33374,,GA1690002,N  ,000,STATE,950,RTOR,,TC,Y  ,09/04/2019,9:11:00 AM,RT,,9/5/2019,,,,,.9,,,   ,,,,,,,
sample,BS33375,,GA1690002,N  ,000,STATE,950,RTOR,,TC,Y  ,09/04/2019,9:28:00 AM,RT,,9/5/2019,,,,,.91,,,   ,,,,,,,
sample,BS33376,,GA1690002,N  ,000,STATE,950,RTOR,,TC,Y  ,09/04/2019,9:53:00 AM,RT,,9/5/2019,,,,,.87,,,   ,,,,,,,
sample,BS33377,,GA1110000,N  ,000,STATE,950,RTOR,,TC,Y  ,09/04/2019,10:45:00 AM,RT,,9/5/2019,,,,,1.63,,,   ,,,,,,,
sample,BS33378,,GA1110000,N  ,000,STATE,950,RTOR,,TC,Y  ,09/04/2019,11:52:00 AM,RT,,9/5/2019,,,,,.81,,,   ,,,,,,,
sample,BS33379,,GA1110000,N  ,000,STATE,950,RTOR,,TC,Y  ,09/04/2019,11:40:00 AM,RT,,9/5/2019,,,,,.89,,,   ,,,,,,,
sample,BS33380,,GA1110000,N  ,000,STATE,950,RTOR,,TC,Y  ,09/04/2019,11:28:00 AM,RT,,9/5/2019,,,,,.72,,,   ,,,,,,,
sample,BS33381,,GA0590009,N  ,000,STATE,950,RTOR,,TC,Y  ,09/04/2019,3:05:00 PM,RT,,9/5/2019,,,,,2.1,,,   ,,,,,,,
sample,BS33382,,GA0610028,N  ,000,STATE,950,RTOR,,TC,Y  ,09/04/2019,11:40:00 AM,RT,,9/5/2019,,,,,1.51,,,   ,,,,,,,
sample,BS33383,,GA0730001,N  ,000,STATE,950,RTOR,,TC,Y  ,09/04/2019,10:00:00 AM,RT,,9/5/2019,,,,,.83,,,   ,,,,,,,
sample,BS33384,,GA0730001,N  ,000,STATE,950,RTOR,,TC,Y  ,09/04/2019,10:15:00 AM,RT,,9/5/2019,,,,,.79,,,   ,,,,,,,
sample,BS33385,,GA0730001,N  ,000,STATE,950,RTOR,,TC,Y  ,09/04/2019,10:29:00 AM,RT,,9/5/2019,,,,,.42,,,   ,,,,,,,
sample,BS33386,,GA0730001,N  ,000,STATE,950,RTOR,,TC,Y  ,09/04/2019,11:02:00 AM,RT,,9/5/2019,,,,,.59,,,   ,,,,,,,
sample,BS33387,,GA2770003,N  ,000,STATE,950,RTOR,,TC,Y  ,09/04/2019,1:15:00 PM,RT,,9/5/2019,,,,,.47,,,   ,,,,,,,
sample,BS33388,,GA1850125,N  ,000,STATE,950,RTOR,,TC,Y  ,09/04/2019,1:30:00 PM,RT,,9/5/2019,,,,,.1,,,   ,,,,,,,
sample,BS33389,,GA1850125,N  ,000,STATE,950,RTOR,,TC,Y  ,09/04/2019,1:56:00 PM,RT,,9/5/2019,,,,,.1,,,   ,,,,,,,
sample,BS33390,,GA1850125,N  ,000,STATE,950,RTOR,,TC,Y  ,09/04/2019,2:43:00 PM,RT,,9/5/2019,,,,,.5,,,   ,,,,,,,
sample,BS33391,,GA1850125,N  ,000,STATE,950,RTOR,,TC,Y  ,09/04/2019,2:50:00 PM,RT,,9/5/2019,,,,,.8,,,   ,,,,,,,
sample,BS33392,,GA1390000,N  ,000,STATE,950,RTOR,,TC,Y  ,09/05/2019,8:40:00 AM,RT,,9/5/2019,,,,,.75,,,   ,,,,,,,
sample,BS33393,,GA1390000,N  ,000,STATE,950,RTOR,,TC,Y  ,09/05/2019,9:00:00 AM,RT,,9/5/2019,,,,,.6,,,   ,,,,,,,
sample,BS33394,,GA1390000,N  ,000,STATE,950,RTOR,,TC,Y  ,09/05/2019,9:15:00 AM,RT,,9/5/2019,,,,,.75,,,   ,,,,,,,
sample,BS33395,,GA0690027,N  ,000,STATE,950,RTOR,,TC,Y  ,09/04/2019,12:45:00 PM,RT,,9/5/2019,,,,,1.1,,,   ,,,,,,,
sample,BS33396,,GA2210001,N  ,000,STATE,950,RTOR,,TC,Y  ,09/04/2019,12:00:00 PM,RT,,9/5/2019,,,,,.59,,,   ,,,,,,,
sample,BS33397,,GA1930001,N  ,000,STATE,950,RTOR,,TC,Y  ,09/04/2019,3:53:00 PM,RT,,9/5/2019,,,,,.58,,,   ,,,,,,,
sample,BS33398,,GA1930001,N  ,000,STATE,950,RTOR,,TC,Y  ,09/04/2019,4:00:00 PM,RT,,9/5/2019,,,,,.47,,,   ,,,,,,,
sample,BS33399,,GA1410001,N  ,000,STATE,950,RTOR,,TC,Y  ,09/04/2019,12:30:00 PM,RT,,9/5/2019,,,,,.65,,,   ,,,,,,,
sample,BS33400,,GA1190051,N  ,000,STATE,950,RTOR,,TC,Y  ,09/04/2019,11:15:00 AM,RT,,9/5/2019,,,,,1.56,,,   ,,,,,,,
sample,BS33401,,GA1190051,N  ,000,STATE,950,RTOR,,TC,Y  ,09/04/2019,11:40:00 AM,RT,,9/5/2019,,,,,1.41,,,   ,,,,,,,
sample,BS33402,,GA1190051,N  ,000,STATE,950,RTOR,,TC,Y  ,09/04/2019,11:55:00 AM,RT,,9/5/2019,,,,,.45,,,   ,,,,,,,
sample,BS33403,,GA2070074,N  ,000,STATE,950,RTOR,,TC,Y  ,09/04/2019,2:37:00 PM,RT,,9/5/2019,,,,,.55,,,   ,,,,,,,
sample,BS33404,,GA2070074,N  ,000,STATE,950,RTOR,,TC,Y  ,09/04/2019,3:09:00 PM,RT,,9/5/2019,,,,,.49,,,   ,,,,,,,
sample,BS33405,,GA2070074,N  ,000,STATE,950,RTOR,,TC,Y  ,09/04/2019,3:36:00 PM,RT,,9/5/2019,,,,,.71,,,   ,,,,,,,
sample,BS33406,,GA2210000,N  ,000,STATE,950,RTOR,,TC,Y  ,09/04/2019,12:35:00 PM,RT,,9/5/2019,,,,,.88,,,   ,,,,,,,
sample,BS33407,,GA2210000,N  ,000,STATE,950,RTOR,,TC,Y  ,09/04/2019,1:00:00 PM,RT,,9/5/2019,,,,,.91,,,   ,,,,,,,
sample,BS33408,,GA3150003,N  ,000,STATE,950,RTOR,,TC,Y  ,09/04/2019,10:11:00 AM,RT,,9/5/2019,,,,,.42,,,   ,,,,,,,
sample,BS33409,,GA3150003,N  ,000,STATE,950,RTOR,,TC,Y  ,09/04/2019,10:30:00 AM,RT,,9/5/2019,,,,,.31,,,   ,,,,,,,
sample,BS33410,,GA2710000,N  ,000,STATE,950,RTOR,,TC,Y  ,09/04/2019,3:00:00 PM,RT,,9/5/2019,,,,,1.02,,,   ,,,,,,,
sample,BS33411,,GA2710000,N  ,000,STATE,950,RTOR,,TC,Y  ,09/04/2019,3:15:00 PM,RT,,9/5/2019,,,,,1.14,,,   ,,,,,,,
sample,BS33412,,GA2710000,N  ,000,STATE,950,RTOR,,TC,Y  ,09/04/2019,3:25:00 PM,RT,,9/5/2019,,,,,1.11,,,   ,,,,,,,
sample,BS33413,,GA0110001,N  ,000,STATE,950,RTOR,,TC,Y  ,09/04/2019,11:13:00 AM,RT,,9/5/2019,,,,,.1,,,   ,,,,,,,
sample,BS33414,,GA0110001,N  ,000,STATE,950,RTOR,,TC,Y  ,09/04/2019,11:38:00 AM,RT,,9/5/2019,,,,,.15,,,   ,,,,,,,
sample,BS33415,,GA1870087,N  ,000,STATE,950,RTOR,,TC,Y  ,09/04/2019,8:49:00 AM,RT,,9/5/2019,,,,,.8,,,   ,,,,,,,
sample,BS33416,,GA1870077,N  ,000,STATE,950,RTOR,,TC,Y  ,09/04/2019,9:45:00 AM,RT,,9/5/2019,,,,,1.8,,,   ,,,,,,,
sample,BS33417,,GA2250000,N  ,000,STATE,950,RTOR,,TC,Y  ,09/04/2019,2:15:00 PM,RT,,9/5/2019,,,,,.7,,,   ,,,,,,,
sample,BS33418,,GA2250000,N  ,000,STATE,950,RTOR,,TC,Y  ,09/04/2019,2:35:00 PM,RT,,9/5/2019,,,,,.7,,,   ,,,,,,,
sample,BS33419,,GA2250000,N  ,000,STATE,950,RTOR,,TC,Y  ,09/04/2019,3:00:00 PM,RT,,9/5/2019,,,,,.8,,,   ,,,,,,,
sample,BS33420,,GA2310001,N  ,000,STATE,950,RTOR,,TC,Y  ,09/04/2019,1:30:00 PM,RT,,9/5/2019,,,,,1.28,,,   ,,,,,,,
sample,BS33421,,GA2210004,N  ,000,STATE,950,RTOR,,TC,Y  ,09/04/2019,11:00:00 AM,RT,,9/5/2019,,,,,.44,,,   ,,,,,,,
sample,BS33422,,GA2210004,N  ,000,STATE,950,RTOR,,TC,Y  ,09/04/2019,11:20:00 AM,RT,,9/5/2019,,,,,.51,,,   ,,,,,,,
sample,BS33423,,GA2790027,N  ,000,STATE,950,RTOR,,TC,Y  ,09/04/2019,1:00:00 PM,RT,,9/5/2019,,,,,.2,,,   ,,,,,,,
sample,BS33424,,GA1130035,N  ,000,STATE,950,RTOR,,TC,Y  ,09/04/2019,8:00:00 AM,RT,,9/5/2019,,,,,,,,   ,,,,,,,
sample,BS33425,,GA2310027,N  ,000,STATE,950,RTOR,,TC,Y  ,09/04/2019,1:00:00 PM,RT,,9/5/2019,,,,,1.48,,,   ,,,,,,,
sample,BS33426,,GA2310027,N  ,000,STATE,950,SPEC,,TC,N  ,09/04/2019,12:00:00 PM,SP,,9/5/2019,,,,,.31,,,   ,,,,,,,
sample,BS33427,,GA2310027,N  ,000,STATE,950,SPEC,,TC,N  ,09/04/2019,12:10:00 PM,SP,,9/5/2019,,,,,2.19,,,   ,,,,,,,
sample,BS33428,,GA2310027,N  ,000,STATE,950,SPEC,,TC,N  ,09/04/2019,12:20:00 PM,SP,,9/5/2019,,,,,2.1,,,   ,,,,,,,
sample,BS33429,,GA1950013,N  ,000,STATE,950,SPEC,,TC,N  ,09/04/2019,3:10:00 PM,SP,,9/5/2019,,,,,.8,,,   ,,,,,,,
sample,BS33430,,GA1810008,N  ,000,STATE,950,RTOR,,TC,Y  ,09/04/2019,8:15:00 AM,RT,,9/5/2019,,,,,2.5,,,   ,,,,,,,
sample,BS33431,,GA1110052,N  ,000,STATE,950,RTOR,,TC,Y  ,09/04/2019,2:55:00 PM,RT,,9/5/2019,,,,,1.3,,,   ,,,,,,,
sample,BS33432,,GA2910061,N  ,000,STATE,950,RTOR,,TC,Y  ,09/04/2019,3:50:00 PM,RT,,9/5/2019,,,,,,,,   ,,,,,,,
sample,BS33433,,GA1870066,N  ,000,STATE,950,RTOR,,TC,Y  ,09/04/2019,3:12:00 PM,RT,,9/5/2019,,,,,1.2,,,   ,,,,,,,
sample,BS33434,,GA1870072,N  ,000,STATE,950,RTOR,,TC,Y  ,09/04/2019,2:58:00 PM,RT,,9/5/2019,,,,,.9,,,   ,,,,,,,
sample,BS33435,,GA1870062,N  ,000,STATE,950,RTOR,,TC,Y  ,09/04/2019,2:30:00 PM,RT,,9/5/2019,,,,,.83,,,   ,,,,,,,
sample,BS33436,,GA1870060,N  ,000,STATE,950,RTOR,,TC,Y  ,09/04/2019,2:14:00 PM,RT,,9/5/2019,,,,,1.3,,,   ,,,,,,,
sample,BS33437,,GA1870081,N  ,000,STATE,950,RTOR,,TC,Y  ,09/04/2019,2:05:00 PM,RT,,9/5/2019,,,,,.5,,,   ,,,,,,,
sample,BS33438,,GA1870075,N  ,000,STATE,950,RTOR,,TC,Y  ,09/04/2019,1:54:00 PM,RT,,9/5/2019,,,,,.7,,,   ,,,,,,,
sample,BS33439,,GA1870069,N  ,000,STATE,950,RTOR,,TC,Y  ,09/04/2019,11:21:00 AM,RT,,9/5/2019,,,,,2,,,   ,,,,,,,
sample,BS33440,,GA1870079,N  ,000,STATE,950,RTOR,,TC,Y  ,09/04/2019,11:45:00 AM,RT,,9/5/2019,,,,,1,,,   ,,,,,,,
sample,BS33441,,GA1870043,N  ,000,STATE,950,RTOR,,TC,Y  ,09/04/2019,3:29:00 PM,RT,,9/5/2019,,,,,.83,,,   ,,,,,,,
sample,BS33442,,GA1870043,N  ,000,STATE,950,RTOR,,TC,Y  ,09/04/2019,3:47:00 PM,RT,,9/5/2019,,,,,2,,,   ,,,,,,,
sample,BS33443,,GA1870095,N  ,000,STATE,950,RTOR,,TC,Y  ,09/04/2019,10:38:00 AM,RT,,9/5/2019,,,,,1,,,   ,,,,,,,
sample,BS33444,,GA1510003,N  ,000,STATE,950,RTOR,,TC,Y  ,09/05/2019,7:45:00 AM,RT,,9/5/2019,,,,,1.6,,,   ,,,,,,,
sample,BS33445,,GA1510003,N  ,000,STATE,950,RTOR,,TC,Y  ,09/05/2019,10:00:00 AM,RT,,9/5/2019,,,,,2,,,   ,,,,,,,
sample,BS33446,,GA1510003,N  ,000,STATE,950,RTOR,,TC,Y  ,09/05/2019,8:05:00 AM,RT,,9/5/2019,,,,,1,,,   ,,,,,,,
sample,BS33447,,GA1510003,N  ,000,STATE,950,RTOR,,TC,Y  ,09/05/2019,9:36:00 AM,RT,,9/5/2019,,,,,1.2,,,   ,,,,,,,
sample,BS33448,,GA1510003,N  ,000,STATE,950,RTOR,,TC,Y  ,09/05/2019,8:20:00 AM,RT,,9/5/2019,,,,,1,,,   ,,,,,,,
sample,BS33449,,GA1510004,N  ,000,STATE,950,RTOR,,TC,Y  ,09/05/2019,8:10:00 AM,RT,,9/5/2019,,,,,.7,,,   ,,,,,,,
sample,BS33450,,GA1510004,N  ,000,STATE,950,RTOR,,TC,Y  ,09/05/2019,9:09:00 AM,RT,,9/5/2019,,,,,.4,,,   ,,,,,,,
sample,BS33451,,GA1510004,N  ,000,STATE,950,RTOR,,TC,Y  ,09/05/2019,9:37:00 AM,RT,,9/5/2019,,,,,.67,,,   ,,,,,,,
sample,BS33452,,GA1510004,N  ,000,STATE,950,RTOR,,TC,Y  ,09/05/2019,10:15:00 AM,RT,,9/5/2019,,,,,1.2,,,   ,,,,,,,
sample,BS33453,,GA2110000,N  ,000,STATE,950,RTOR,,TC,Y  ,09/04/2019,1:40:00 PM,RT,,9/5/2019,,,,,,,,   ,,,,,,,
sample,BS33454,,GA3170001,N  ,000,STATE,950,RTOR,,TC,Y  ,09/04/2019,2:14:00 PM,RT,,9/5/2019,,,,,.43,,,   ,,,,,,,
sample,BS33455,,GA2130036,N  ,000,STATE,950,RTOR,,TC,Y  ,09/04/2019,1:00:00 PM,RT,,9/5/2019,,,,,1.8,,,   ,,,,,,,
sample,BS33456,,GA1370019,N  ,000,STATE,950,RTOR,,TC,Y  ,09/04/2019,3:30:00 PM,RT,,9/5/2019,,,,,.98,,,   ,,,,,,,
sample,BS33457,,GA1870099,N  ,000,STATE,950,RTOR,,TC,Y  ,09/04/2019,12:00:00 PM,RT,,9/5/2019,,,,,.76,,,   ,,,,,,,
sample,BS33458,,GA1870090,N  ,000,STATE,950,RTOR,,TC,Y  ,09/04/2019,12:40:00 PM,RT,,9/5/2019,,,,,.35,,,   ,,,,,,,
sample,BS33459,,GA0110031,N  ,000,STATE,950,RTOR,,TC,Y  ,09/04/2019,4:15:00 PM,RT,,9/5/2019,,,,,.57,,,   ,,,,,,,
sample,BS33460,,GA1370058,N  ,000,STATE,950,RTOR,,TC,Y  ,09/04/2019,2:55:00 PM,RT,,9/5/2019,,,,,.74,,,   ,,,,,,,
sample,BS33461,,GA3110012,N  ,000,STATE,950,RTOR,,TC,Y  ,09/04/2019,3:50:00 PM,RT,,9/5/2019,,,,,.78,,,   ,,,,,,,
sample,BS33462,,GA1870088,N  ,000,STATE,950,RTOR,,TC,Y  ,09/04/2019,3:25:00 PM,RT,,9/5/2019,,,,,.3,,,   ,,,,,,,
sample,BS33463,,GA1390013,N  ,000,STATE,950,RTOR,,TC,Y  ,09/05/2019,9:05:00 AM,RT,,9/5/2019,,,,,.55,,,   ,,,,,,,
sample,BS33464,,GA1390039,N  ,000,STATE,950,RTOR,,TC,Y  ,09/05/2019,9:15:00 AM,RT,,9/5/2019,,,,,.77,,,   ,,,,,,,
sample,BS33465,,GA1870093,N  ,000,STATE,950,RTOR,,TC,Y  ,09/04/2019,2:25:00 PM,RT,,9/5/2019,,,,,.5,,,   ,,,,,,,
sample,BS33466,,GA1870058,N  ,000,STATE,950,RTOR,,TC,Y  ,09/04/2019,1:25:00 PM,RT,,9/5/2019,,,,,.49,,,   ,,,,,,,
sample,BS33467,,GA1870082,N  ,000,STATE,950,RTOR,,TC,Y  ,09/04/2019,1:50:00 PM,RT,,9/5/2019,,,,,.89,,,   ,,,,,,,
sample,BS33468,,GA3110085,N  ,000,STATE,950,RTOR,,TC,Y  ,09/04/2019,10:10:00 AM,RT,,9/5/2019,,,,,.41,,,   ,,,,,,,
sample,BS33469,,GA3110069,N  ,000,STATE,950,RTOR,,TC,Y  ,09/04/2019,3:15:00 PM,RT,,9/5/2019,,,,,.4,,,   ,,,,,,,
sample,BS33470,,GA1870098,N  ,000,STATE,950,RTOR,,TC,Y  ,09/04/2019,2:50:00 PM,RT,,9/5/2019,,,,,.78,,,   ,,,,,,,
sample,BS33471,,GA2890008,N  ,000,STATE,950,RTOR,,TC,Y  ,08/27/2019,5:15:00 PM,RT,,9/5/2019,,,EH,,.7,,,   ,,,,,,,
sample,BS33472,,GA2890008,N  ,000,STATE,950,RTOR,,TC,Y  ,08/27/2019,4:00:00 PM,RT,,9/5/2019,,,EH,,.6,,,   ,,,,,,,
sample,BS33473,,GA2790028,N  ,000,STATE,950,RTOR,,TC,Y  ,09/03/2019,1:30:00 PM,RT,,9/5/2019,,,EH,,1,,,   ,,,,,,,
sample,BS33474,,GA1410007,N  ,000,STATE,950,RTOR,,TC,Y  ,09/04/2019,12:00:00 PM,RT,,9/5/2019,,,,,1.4,,,   ,,,,,,,
sample,BS33475,,GA1410007,N  ,000,STATE,950,RTOR,,TC,Y  ,09/04/2019,12:15:00 PM,RT,,9/5/2019,,,,,1.6,,,   ,,,,,,,
sample,BS33476,,GA0090048,N  ,000,STATE,950,RTOR,,TC,Y  ,09/04/2019,12:35:00 PM,RT,,9/5/2019,,,,,1.5,,,   ,,,,,,,
sample,BS33477,,GA0090046,N  ,000,STATE,950,RTOR,,TC,Y  ,09/04/2019,11:00:00 AM,RT,,9/5/2019,,,,,.6,,,   ,,,,,,,
sample,BS33478,,GA1410004,N  ,000,STATE,950,RTOR,,TC,Y  ,09/04/2019,11:30:00 AM,RT,,9/5/2019,,,,,1,,,   ,,,,,,,
sample,BS33479,,GA1410006,N  ,000,STATE,950,RTOR,,TC,Y  ,09/04/2019,11:50:00 AM,RT,,9/5/2019,,,,,.8,,,   ,,,,,,,
sample,BS33480,,GA0090047,N  ,000,STATE,950,RTOR,,TC,Y  ,09/04/2019,1:00:00 PM,RT,,9/5/2019,,,,,.9,,,   ,,,,,,,
sample,BS33481,,GA0090042,N  ,000,STATE,950,RTOR,,TC,Y  ,09/04/2019,1:20:00 PM,RT,,9/5/2019,,,,,1.1,,,   ,,,,,,,
sample,BS33482,,GA1690049,N  ,000,STATE,950,RTOR,,TC,Y  ,09/04/2019,2:00:00 PM,RT,,9/5/2019,,,,,.4,,,   ,,,,,,,
sample,BS33483,,GA1850016,N  ,000,STATE,950,RTOR,,TC,Y  ,09/05/2019,2:25:00 PM,RT,,9/6/2019,,,,,1.05,,,   ,,,,,,,
sample,BS33484,,GA1850016,N  ,000,STATE,950,RTOR,,TC,Y  ,09/05/2019,2:32:00 PM,RT,,9/6/2019,,,,,1.35,,,   ,,,,,,,
sample,BS33485,,GA1850016,N  ,000,STATE,950,RTOR,,TC,Y  ,09/05/2019,2:45:00 PM,RT,,9/6/2019,,,,,1.8,,,   ,,,,,,,
sample,BS33486,,GA1850016,N  ,000,STATE,950,RTOR,,TC,Y  ,09/05/2019,3:00:00 PM,RT,,9/6/2019,,,,,1.1,,,   ,,,,,,,
sample,BS33487,,GA1850297,N  ,000,STATE,950,RTOR,,TC,Y  ,09/05/2019,1:00:00 PM,RT,,9/6/2019,,,,,.9,,,   ,,,,,,,
sample,BS33488,,GA1850297,N  ,000,STATE,950,RTOR,,TC,Y  ,09/05/2019,1:12:00 PM,RT,,9/6/2019,,,,,1.4,,,   ,,,,,,,
sample,BS33489,,GA1850297,N  ,000,STATE,950,RTOR,,TC,Y  ,09/05/2019,1:25:00 PM,RT,,9/6/2019,,,,,1,,,   ,,,,,,,
sample,BS33490,,GA0550001,N  ,000,STATE,950,RTOR,,TC,Y  ,09/05/2019,10:20:00 AM,RT,,9/6/2019,,,,,.7,,,   ,,,,,,,
sample,BS33491,,GA0550001,N  ,000,STATE,950,RTOR,,TC,Y  ,09/05/2019,11:05:00 AM,RT,,9/6/2019,,,,,.8,,,   ,,,,,,,
sample,BS33492,,GA1530017,N  ,000,STATE,950,RTOR,,TC,Y  ,09/05/2019,9:00:00 AM,RT,,9/6/2019,,,,,1,,,   ,,,,,,,
sample,BS33493,,GA0870002,N  ,000,STATE,950,RTOR,,TC,Y  ,09/05/2019,3:00:00 PM,RT,,9/6/2019,,,,,.8,,,   ,,,,,,,
sample,BS33494,,GA2750070,N  ,000,STATE,950,RTOR,,TC,Y  ,09/05/2019,9:10:00 AM,RT,,9/6/2019,,,,,,,,   ,,,,,,,
sample,BS33495,,GA2750075,N  ,000,STATE,950,RTOR,,TC,Y  ,09/05/2019,9:30:00 AM,RT,,9/6/2019,,,,,.45,,,   ,,,,,,,
sample,BS33496,,GA0750011,N  ,000,STATE,950,RTOR,,TC,Y  ,09/05/2019,12:30:00 PM,RT,,9/6/2019,,,,,1.2,,,   ,,,,,,,
sample,BS33497,,GA0710002,N  ,000,STATE,950,RTOR,,TC,Y  ,09/05/2019,11:50:00 AM,RT,,9/6/2019,,,,,1.4,,,   ,,,,,,,
sample,BS33498,,GA0710072,N  ,000,STATE,950,RTOR,,TC,Y  ,09/05/2019,10:05:00 AM,RT,,9/6/2019,,,,,.84,,,   ,,,,,,,
sample,BS33499,,GA1310048,N  ,000,STATE,950,RTOR,,TC,Y  ,09/05/2019,8:00:00 AM,RT,,9/6/2019,,,,,.62,,,   ,,,,,,,
sample,BS33500,,GA0710014,N  ,000,STATE,950,RTOR,,TC,Y  ,09/05/2019,10:50:00 AM,RT,,9/6/2019,,,,,1.2,,,   ,,,,,,,
sample,BS33501,,GA0730002,N  ,000,STATE,950,RTOR,,TC,Y  ,09/05/2019,8:44:00 AM,RT,,9/6/2019,,,,,.39,,,   ,,,,,,,
sample,BS33502,,GA0730002,N  ,000,STATE,950,RTOR,,TC,Y  ,09/05/2019,8:58:00 AM,RT,,9/6/2019,,,,,.62,,,   ,,,,,,,
sample,BS33503,,GA0730002,N  ,000,STATE,950,RTOR,,TC,Y  ,09/05/2019,9:11:00 AM,RT,,9/6/2019,,,,,.13,,,   ,,,,,,,
sample,BS33504,,GA0730002,N  ,000,STATE,950,RTOR,,TC,Y  ,09/05/2019,9:25:00 AM,RT,,9/6/2019,,,,,.13,,,   ,,,,,,,
sample,BS33505,,GA1070003,Y  ,000,STATE,950,RTOR,,TC,Y  ,09/05/2019,4:50:00 PM,RT,,9/6/2019,,,,,.89,,,   ,,,,BS33104,08/29/2019,000,STATE
sample,BS33506,,GA2830013,N  ,000,STATE,950,RTOR,,TC,Y  ,09/03/2019,5:00:00 PM,RT,,9/5/2019,,,EH,,.79,,,   ,,,,,,,
sample,BS33507,,GA1050000,N  ,000,STATE,950,RTOR,,TC,Y  ,09/04/2019,1:54:00 PM,RT,,9/6/2019,,,EH,,.9,,,   ,,,,,,,
sample,BS33508,,GA1050000,N  ,000,STATE,950,RTOR,,TC,Y  ,09/04/2019,1:45:00 PM,RT,,9/6/2019,,,EH,,1,,,   ,,,,,,,
